[{"Id":"1.5","Query":"Filter Category Then Product","Step":"Filtered Product","Category":"Evaluation","DataSourceKind":null,"Operation":"Evaluation","StartTime":"2024-09-26T10:25:11.291018Z","EndTime":"2024-09-26T10:25:16.4146295Z","ExclusiveDurationPct":0.0,"ExclusiveDuration":"00:00:00","Resource":null,"DataSourceQuery":null,"AdditionalInfo":null,"RowCount":null,"ContentLength":null,"IsUserQuery":true,"Path":"0","GroupId":0,"PartitionKey":null,"Process":null,"ActivityId":"80083712-02bd-4d91-8fa3-2d3d50539350","DataSourceOperationIds":null},{"Id":"1.5","Query":"Filter Category Then Product","Step":"Filtered Product","Category":"Evaluator","DataSourceKind":null,"Operation":"Service: OnBeginGetResult","StartTime":"2024-09-26T10:25:11.291018Z","EndTime":"2024-09-26T10:25:12.7192487Z","ExclusiveDurationPct":7.8772561112410656E-05,"ExclusiveDuration":"00:00:00.0004036","Resource":null,"DataSourceQuery":null,"AdditionalInfo":null,"RowCount":null,"ContentLength":null,"IsUserQuery":true,"Path":"0/1","GroupId":1,"PartitionKey":null,"Process":"Engine (26176/1)","ActivityId":"80083712-02bd-4d91-8fa3-2d3d50539350","DataSourceOperationIds":null},{"Id":"1.5","Query":"Filter Category Then Product","Step":"Filtered Product","Category":"Evaluator","DataSourceKind":null,"Operation":"GetResult","StartTime":"2024-09-26T10:25:11.2914102Z","EndTime":"2024-09-26T10:25:12.5197804Z","ExclusiveDurationPct":0.00021644888571274384,"ExclusiveDuration":"00:00:00.0011090","Resource":null,"DataSourceQuery":null,"AdditionalInfo":null,"RowCount":null,"ContentLength":null,"IsUserQuery":true,"Path":"0/1/2","GroupId":1,"PartitionKey":null,"Process":"Engine (26176/1)","ActivityId":"80083712-02bd-4d91-8fa3-2d3d50539350","DataSourceOperationIds":null},{"Id":"1.5","Query":"Filter Category Then Product","Step":"Filtered Product","Category":"Evaluator","DataSourceKind":null,"Operation":"GetResult","StartTime":"2024-09-26T10:25:11.2925192Z","EndTime":"2024-09-26T10:25:12.7191645Z","ExclusiveDurationPct":1.2998643632523661E-05,"ExclusiveDuration":"00:00:00.0000666","Resource":null,"DataSourceQuery":null,"AdditionalInfo":null,"RowCount":null,"ContentLength":null,"IsUserQuery":true,"Path":"0/1/3","GroupId":2,"PartitionKey":"Filter Category Then Product/Filtered Product","Process":"Engine (26176/1)","ActivityId":"80083712-02bd-4d91-8fa3-2d3d50539350","DataSourceOperationIds":null},{"Id":"1.5","Query":"Filter Category Then Product","Step":"Filtered Product","Category":"Evaluator","DataSourceKind":null,"Operation":"GetResult: Compile","StartTime":"2024-09-26T10:25:11.2925327Z","EndTime":"2024-09-26T10:25:11.3035477Z","ExclusiveDurationPct":0.0021498507449286505,"ExclusiveDuration":"00:00:00.0110150","Resource":null,"DataSourceQuery":null,"AdditionalInfo":null,"RowCount":null,"ContentLength":null,"IsUserQuery":true,"Path":"0/1/2/4","GroupId":2,"PartitionKey":"Filter Category Then Product/Filtered Product","Process":"Engine (26176/1)","ActivityId":"80083712-02bd-4d91-8fa3-2d3d50539350","DataSourceOperationIds":null},{"Id":"1.5","Query":"Filter Category Then Product","Step":"Filtered Product","Category":"Evaluator","DataSourceKind":null,"Operation":"GetResult: Evaluate","StartTime":"2024-09-26T10:25:11.3035795Z","EndTime":"2024-09-26T10:25:12.5197676Z","ExclusiveDurationPct":4.5534287679696249E-05,"ExclusiveDuration":"00:00:00.0002333","Resource":null,"DataSourceQuery":null,"AdditionalInfo":null,"RowCount":null,"ContentLength":null,"IsUserQuery":true,"Path":"0/1/2/5","GroupId":2,"PartitionKey":"Filter Category Then Product/Filtered Product","Process":"Engine (26176/1)","ActivityId":"80083712-02bd-4d91-8fa3-2d3d50539350","DataSourceOperationIds":null},{"Id":"1.5","Query":"Filter Category Then Product","Step":"Filtered Product","Category":"Evaluator","DataSourceKind":null,"Operation":"GetResult: Compile","StartTime":"2024-09-26T10:25:11.3036652Z","EndTime":"2024-09-26T10:25:11.3073956Z","ExclusiveDurationPct":0.00072808018328477883,"ExclusiveDuration":"00:00:00.0037304","Resource":null,"DataSourceQuery":null,"AdditionalInfo":null,"RowCount":null,"ContentLength":null,"IsUserQuery":true,"Path":"0/1/2/5/6","GroupId":3,"PartitionKey":"Categories/Renamed Columns","Process":"Engine (26176/1)","ActivityId":"80083712-02bd-4d91-8fa3-2d3d50539350","DataSourceOperationIds":null},{"Id":"1.5","Query":"Filter Category Then Product","Step":"Filtered Product","Category":"Evaluator","DataSourceKind":null,"Operation":"GetResult: Evaluate","StartTime":"2024-09-26T10:25:11.3074388Z","EndTime":"2024-09-26T10:25:12.5196632Z","ExclusiveDurationPct":0.00019259852157018541,"ExclusiveDuration":"00:00:00.0009868","Resource":null,"DataSourceQuery":null,"AdditionalInfo":null,"RowCount":null,"ContentLength":null,"IsUserQuery":true,"Path":"0/1/2/5/7","GroupId":3,"PartitionKey":"Categories/Renamed Columns","Process":"Engine (26176/1)","ActivityId":"80083712-02bd-4d91-8fa3-2d3d50539350","DataSourceOperationIds":null},{"Id":"1.5","Query":"Filter Category Then Product","Step":"Filtered Product","Category":"Data Source","DataSourceKind":"OData","Operation":"Create","StartTime":"2024-09-26T10:25:11.308297Z","EndTime":"2024-09-26T10:25:12.5195346Z","ExclusiveDurationPct":0.011988243058631593,"ExclusiveDuration":"00:00:00.0614231","Resource":"https://services.odata.org/V3/OData/OData.svc","DataSourceQuery":"https://services.odata.org/V3/OData/OData.svc/ HTTP/1.1\r\n","AdditionalInfo":{"Service Uri":"https://services.odata.org/V3/OData/OData.svc/"},"RowCount":null,"ContentLength":null,"IsUserQuery":true,"Path":"0/1/2/5/7/8","GroupId":4,"PartitionKey":"Categories/Renamed Columns","Process":"Engine (26176/1)","ActivityId":"80083712-02bd-4d91-8fa3-2d3d50539350","DataSourceOperationIds":null},{"Id":"1.5","Query":"Filter Category Then Product","Step":"Filtered Product","Category":"Data Source","DataSourceKind":"OData","Operation":"GetResponseStream","StartTime":"2024-09-26T10:25:11.3084108Z","EndTime":"2024-09-26T10:25:12.2212115Z","ExclusiveDurationPct":0.0079177548883243784,"ExclusiveDuration":"00:00:00.0405675","Resource":"https://services.odata.org/V3/OData/OData.svc","DataSourceQuery":"Request:\r\nhttps://services.odata.org/V3/OData/OData.svc/ HTTP/1.1\r\nContent-Type: application/json;odata.metadata=minimal;q=1.0,application/json;odata=minimalmetadata;q=0.9,application/atomsvc+xml;q=0.8,application/atom+xml;q=0.8,application/xml;q=0.7,text/plain;q=0.7\r\n\r\n<Content placeholder>\r\n\r\nResponse:\r\nContent-Type: application/json;odata.metadata=minimal;q=1.0,application/json;odata=minimalmetadata;q=0.9,application/atomsvc+xml;q=0.8,application/atom+xml;q=0.8,application/xml;q=0.7,text/plain;q=0.7\r\nContent-Length: 282\r\n\r\n<Content placeholder>\r\n","AdditionalInfo":{"Throw On Bad Request":"True"},"RowCount":null,"ContentLength":282,"IsUserQuery":true,"Path":"0/1/2/5/7/8/9","GroupId":4,"PartitionKey":"Categories/Renamed Columns","Process":"Engine (26176/1)","ActivityId":"80083712-02bd-4d91-8fa3-2d3d50539350","DataSourceOperationIds":null},{"Id":"1.5","Query":"Filter Category Then Product","Step":"Filtered Product","Category":"Data Source","DataSourceKind":"OData","Operation":"Request","StartTime":"2024-09-26T10:25:11.3182946Z","EndTime":"2024-09-26T10:25:11.318314Z","ExclusiveDurationPct":3.7863916887531383E-06,"ExclusiveDuration":"00:00:00.0000194","Resource":"https://services.odata.org/V3/OData/OData.svc","DataSourceQuery":null,"AdditionalInfo":null,"RowCount":null,"ContentLength":null,"IsUserQuery":true,"Path":"0/1/2/5/7/8/9/10","GroupId":5,"PartitionKey":"Categories/Renamed Columns","Process":"Engine (26176/1)","ActivityId":"80083712-02bd-4d91-8fa3-2d3d50539350","DataSourceOperationIds":null},{"Id":"1.5","Query":"Filter Category Then Product","Step":"Filtered Product","Category":"Data Source","DataSourceKind":"OData","Operation":"GetResponse","StartTime":"2024-09-26T10:25:11.3403632Z","EndTime":"2024-09-26T10:25:12.212577Z","ExclusiveDurationPct":0.17023417954308206,"ExclusiveDuration":"00:00:00.8722138","Resource":"https://services.odata.org/V3/OData/OData.svc","DataSourceQuery":"Request:\r\nGET https://services.odata.org/V3/OData/OData.svc/ HTTP/1.1\r\n\r\nResponse:\r\nhttps://services.odata.org/V3/OData/OData.svc/\r\nHTTP/1.1 200 OK\r\n","AdditionalInfo":null,"RowCount":null,"ContentLength":null,"IsUserQuery":true,"Path":"0/1/2/5/7/8/9/11","GroupId":5,"PartitionKey":"Categories/Renamed Columns","Process":"Engine (26176/1)","ActivityId":"80083712-02bd-4d91-8fa3-2d3d50539350","DataSourceOperationIds":null},{"Id":"1.5","Query":"Filter Category Then Product","Step":"Filtered Product","Category":"Data Source","DataSourceKind":"OData","Operation":"GetResponseStream","StartTime":"2024-09-26T10:25:12.2764118Z","EndTime":"2024-09-26T10:25:12.5134256Z","ExclusiveDurationPct":0.00027283489390247489,"ExclusiveDuration":"00:00:00.0013979","Resource":"https://services.odata.org/V3/OData/OData.svc","DataSourceQuery":"Request:\r\nhttps://services.odata.org/V3/OData/OData.svc/$metadata HTTP/1.1\r\nContent-Type: application/xml\r\n\r\n<Content placeholder>\r\n\r\nResponse:\r\nContent-Type: application/xml\r\nContent-Length: 10034\r\n\r\n<Content placeholder>\r\n","AdditionalInfo":{"Throw On Bad Request":"True"},"RowCount":null,"ContentLength":10034,"IsUserQuery":true,"Path":"0/1/2/5/7/8/12","GroupId":6,"PartitionKey":"Categories/Renamed Columns","Process":"Engine (26176/1)","ActivityId":"80083712-02bd-4d91-8fa3-2d3d50539350","DataSourceOperationIds":null},{"Id":"1.5","Query":"Filter Category Then Product","Step":"Filtered Product","Category":"Data Source","DataSourceKind":"OData","Operation":"Request","StartTime":"2024-09-26T10:25:12.276977Z","EndTime":"2024-09-26T10:25:12.2769881Z","ExclusiveDurationPct":2.1664406054206102E-06,"ExclusiveDuration":"00:00:00.0000111","Resource":"https://services.odata.org/V3/OData/OData.svc","DataSourceQuery":null,"AdditionalInfo":null,"RowCount":null,"ContentLength":null,"IsUserQuery":true,"Path":"0/1/2/5/7/8/12/13","GroupId":7,"PartitionKey":"Categories/Renamed Columns","Process":"Engine (26176/1)","ActivityId":"80083712-02bd-4d91-8fa3-2d3d50539350","DataSourceOperationIds":null},{"Id":"1.5","Query":"Filter Category Then Product","Step":"Filtered Product","Category":"Data Source","DataSourceKind":"OData","Operation":"GetResponse","StartTime":"2024-09-26T10:25:12.2771316Z","EndTime":"2024-09-26T10:25:12.5127364Z","ExclusiveDurationPct":0.045984126626306465,"ExclusiveDuration":"00:00:00.2356048","Resource":"https://services.odata.org/V3/OData/OData.svc","DataSourceQuery":"Request:\r\nGET https://services.odata.org/V3/OData/OData.svc/$metadata HTTP/1.1\r\n\r\nResponse:\r\nhttps://services.odata.org/V3/OData/OData.svc/$metadata\r\nHTTP/1.1 200 OK\r\n","AdditionalInfo":null,"RowCount":null,"ContentLength":null,"IsUserQuery":true,"Path":"0/1/2/5/7/8/12/14","GroupId":7,"PartitionKey":"Categories/Renamed Columns","Process":"Engine (26176/1)","ActivityId":"80083712-02bd-4d91-8fa3-2d3d50539350","DataSourceOperationIds":null},{"Id":"1.5","Query":"Filter Category Then Product","Step":"Filtered Product","Category":"Evaluator","DataSourceKind":null,"Operation":"Service: OnBeginGetResult: result","StartTime":"2024-09-26T10:25:12.5197889Z","EndTime":"2024-09-26T10:25:12.7192373Z","ExclusiveDurationPct":0.000554003753016793,"ExclusiveDuration":"00:00:00.0028385","Resource":null,"DataSourceQuery":null,"AdditionalInfo":null,"RowCount":null,"ContentLength":null,"IsUserQuery":true,"Path":"0/1/15","GroupId":8,"PartitionKey":null,"Process":"Engine (26176/1)","ActivityId":"80083712-02bd-4d91-8fa3-2d3d50539350","DataSourceOperationIds":null},{"Id":"1.5","Query":"Filter Category Then Product","Step":"Filtered Product","Category":"Data Source","DataSourceKind":"OData","Operation":"CreateResult","StartTime":"2024-09-26T10:25:12.5219217Z","EndTime":"2024-09-26T10:25:12.7185316Z","ExclusiveDurationPct":0.000250116543769956,"ExclusiveDuration":"00:00:00.0012815","Resource":"https://services.odata.org/V3/OData/OData.svc","DataSourceQuery":"https://services.odata.org/V3/OData/OData.svc/Categories?$filter=Name ne 'Electronics'&$expand=Products HTTP/1.1\r\n","AdditionalInfo":null,"RowCount":null,"ContentLength":null,"IsUserQuery":true,"Path":"0/1/15/16","GroupId":9,"PartitionKey":"Categories/Renamed Columns","Process":"Engine (26176/1)","ActivityId":"80083712-02bd-4d91-8fa3-2d3d50539350","DataSourceOperationIds":null},{"Id":"1.5","Query":"Filter Category Then Product","Step":"Filtered Product","Category":"Data Source","DataSourceKind":"OData","Operation":"GetResponseStream","StartTime":"2024-09-26T10:25:12.5224906Z","EndTime":"2024-09-26T10:25:12.717819Z","ExclusiveDurationPct":0.000140311184796115,"ExclusiveDuration":"00:00:00.0007189","Resource":"https://services.odata.org/V3/OData/OData.svc","DataSourceQuery":"Request:\r\nhttps://services.odata.org/V3/OData/OData.svc/Categories?$filter=Name%20ne%20'Electronics'&$expand=Products HTTP/1.1\r\nContent-Type: application/json;odata.metadata=minimal;q=1.0,application/json;odata=minimalmetadata;q=0.9,application/atomsvc+xml;q=0.8,application/atom+xml;q=0.8,application/xml;q=0.7,text/plain;q=0.7\r\n\r\n<Content placeholder>\r\n\r\nResponse:\r\nContent-Type: application/json;odata.metadata=minimal;q=1.0,application/json;odata=minimalmetadata;q=0.9,application/atomsvc+xml;q=0.8,application/atom+xml;q=0.8,application/xml;q=0.7,text/plain;q=0.7\r\nContent-Length: 780\r\n\r\n<Content placeholder>\r\n","AdditionalInfo":{"Throw On Bad Request":"True"},"RowCount":null,"ContentLength":780,"IsUserQuery":true,"Path":"0/1/15/16/17","GroupId":10,"PartitionKey":"Categories/Renamed Columns","Process":"Engine (26176/1)","ActivityId":"80083712-02bd-4d91-8fa3-2d3d50539350","DataSourceOperationIds":null},{"Id":"1.5","Query":"Filter Category Then Product","Step":"Filtered Product","Category":"Data Source","DataSourceKind":"OData","Operation":"Request","StartTime":"2024-09-26T10:25:12.5227467Z","EndTime":"2024-09-26T10:25:12.5227561Z","ExclusiveDurationPct":1.8346433955814176E-06,"ExclusiveDuration":"00:00:00.0000094","Resource":"https://services.odata.org/V3/OData/OData.svc/Categories","DataSourceQuery":null,"AdditionalInfo":null,"RowCount":null,"ContentLength":null,"IsUserQuery":true,"Path":"0/1/15/16/17/18","GroupId":11,"PartitionKey":"Categories/Renamed Columns","Process":"Engine (26176/1)","ActivityId":"80083712-02bd-4d91-8fa3-2d3d50539350","DataSourceOperationIds":null},{"Id":"1.5","Query":"Filter Category Then Product","Step":"Filtered Product","Category":"Data Source","DataSourceKind":"OData","Operation":"GetResponse","StartTime":"2024-09-26T10:25:12.5231446Z","EndTime":"2024-09-26T10:25:12.7177447Z","ExclusiveDurationPct":0.037981041302604615,"ExclusiveDuration":"00:00:00.1946001","Resource":"https://services.odata.org/V3/OData/OData.svc/Categories","DataSourceQuery":"Request:\r\nGET https://services.odata.org/V3/OData/OData.svc/Categories?$filter=Name ne 'Electronics'&$expand=Products HTTP/1.1\r\n\r\nResponse:\r\nhttps://services.odata.org/V3/OData/OData.svc/Categories?$filter=Name ne 'Electronics'&$expand=Products\r\nHTTP/1.1 200 OK\r\n","AdditionalInfo":null,"RowCount":null,"ContentLength":null,"IsUserQuery":true,"Path":"0/1/15/16/17/19","GroupId":11,"PartitionKey":"Categories/Renamed Columns","Process":"Engine (26176/1)","ActivityId":"80083712-02bd-4d91-8fa3-2d3d50539350","DataSourceOperationIds":null},{"Id":"1.5","Query":"Filter Category Then Product","Step":"Filtered Product","Category":"Trace Gaps","DataSourceKind":null,"Operation":"Trace Gaps","StartTime":"2024-09-26T10:25:12.7192487Z","EndTime":"2024-09-26T10:25:16.4116875Z","ExclusiveDurationPct":0.44069424467487439,"ExclusiveDuration":"00:00:02.2579461","Resource":null,"DataSourceQuery":null,"AdditionalInfo":null,"RowCount":null,"ContentLength":null,"IsUserQuery":true,"Path":"0/31","GroupId":0,"PartitionKey":null,"Process":null,"ActivityId":"80083712-02bd-4d91-8fa3-2d3d50539350","DataSourceOperationIds":null},{"Id":"1.5","Query":"Filter Category Then Product","Step":"Filtered Product","Category":"Other","DataSourceKind":null,"Operation":"RemoteCancellationServiceFactory: Proxy: CancelAll","StartTime":"2024-09-26T10:25:12.7192898Z","EndTime":"2024-09-26T10:25:12.7192984Z","ExclusiveDurationPct":1.6785035321276798E-06,"ExclusiveDuration":"00:00:00.0000086","Resource":null,"DataSourceQuery":null,"AdditionalInfo":null,"RowCount":null,"ContentLength":null,"IsUserQuery":true,"Path":"0/20","GroupId":12,"PartitionKey":null,"Process":"Engine (26176/1)","ActivityId":"80083712-02bd-4d91-8fa3-2d3d50539350","DataSourceOperationIds":null},{"Id":"1.5","Query":"Filter Category Then Product","Step":"Filtered Product","Category":"Evaluator","DataSourceKind":null,"Operation":"Dispose: DataSources","StartTime":"2024-09-26T10:25:12.7195593Z","EndTime":"2024-09-26T10:25:12.719569Z","ExclusiveDurationPct":1.8931958443765691E-06,"ExclusiveDuration":"00:00:00.0000097","Resource":null,"DataSourceQuery":null,"AdditionalInfo":null,"RowCount":null,"ContentLength":null,"IsUserQuery":true,"Path":"0/21","GroupId":13,"PartitionKey":"Filter Category Then Product/Filtered Product","Process":"Engine (26176/1)","ActivityId":"80083712-02bd-4d91-8fa3-2d3d50539350","DataSourceOperationIds":null},{"Id":"1.5","Query":"Filter Category Then Product","Step":"Filtered Product","Category":"Evaluator","DataSourceKind":null,"Operation":"Dispose: Modules","StartTime":"2024-09-26T10:25:12.7195765Z","EndTime":"2024-09-26T10:25:12.7195819Z","ExclusiveDurationPct":1.0539440783127292E-06,"ExclusiveDuration":"00:00:00.0000054","Resource":null,"DataSourceQuery":null,"AdditionalInfo":null,"RowCount":null,"ContentLength":null,"IsUserQuery":true,"Path":"0/22","GroupId":13,"PartitionKey":"Filter Category Then Product/Filtered Product","Process":"Engine (26176/1)","ActivityId":"80083712-02bd-4d91-8fa3-2d3d50539350","DataSourceOperationIds":null},{"Id":"1.5","Query":"Filter Category Then Product","Step":"Filtered Product","Category":"Evaluator","DataSourceKind":null,"Operation":"Dispose: DataSources","StartTime":"2024-09-26T10:25:12.7197178Z","EndTime":"2024-09-26T10:25:12.7197251Z","ExclusiveDurationPct":1.4247762540153562E-06,"ExclusiveDuration":"00:00:00.0000073","Resource":null,"DataSourceQuery":null,"AdditionalInfo":null,"RowCount":null,"ContentLength":null,"IsUserQuery":true,"Path":"0/23","GroupId":14,"PartitionKey":"Categories/Renamed Columns","Process":"Engine (26176/1)","ActivityId":"80083712-02bd-4d91-8fa3-2d3d50539350","DataSourceOperationIds":null},{"Id":"1.5","Query":"Filter Category Then Product","Step":"Filtered Product","Category":"Evaluator","DataSourceKind":null,"Operation":"Dispose: Modules","StartTime":"2024-09-26T10:25:12.720819Z","EndTime":"2024-09-26T10:25:12.7208293Z","ExclusiveDurationPct":2.0103007419668725E-06,"ExclusiveDuration":"00:00:00.0000103","Resource":null,"DataSourceQuery":null,"AdditionalInfo":null,"RowCount":null,"ContentLength":null,"IsUserQuery":true,"Path":"0/24","GroupId":14,"PartitionKey":"Categories/Renamed Columns","Process":"Engine (26176/1)","ActivityId":"80083712-02bd-4d91-8fa3-2d3d50539350","DataSourceOperationIds":null},{"Id":"1.5","Query":"Filter Category Then Product","Step":"Filtered Product","Category":"Document Evaluator","DataSourceKind":null,"Operation":"GetResult","StartTime":"2024-09-26T10:25:14.9772077Z","EndTime":"2024-09-26T10:25:14.9828495Z","ExclusiveDurationPct":3.7200322467853E-05,"ExclusiveDuration":"00:00:00.0001906","Resource":null,"DataSourceQuery":null,"AdditionalInfo":null,"RowCount":null,"ContentLength":null,"IsUserQuery":true,"Path":"0/25","GroupId":15,"PartitionKey":null,"Process":"Host (21268/53)","ActivityId":"80083712-02bd-4d91-8fa3-2d3d50539350","DataSourceOperationIds":null},{"Id":"1.5","Query":"Filter Category Then Product","Step":"Filtered Product","Category":"Evaluator","DataSourceKind":null,"Operation":"GetResult","StartTime":"2024-09-26T10:25:14.9773983Z","EndTime":"2024-09-26T10:25:16.4116591Z","ExclusiveDurationPct":0.27955152337369843,"ExclusiveDuration":"00:00:01.4323134","Resource":null,"DataSourceQuery":null,"AdditionalInfo":{"Identity":null},"RowCount":null,"ContentLength":null,"IsUserQuery":true,"Path":"0/26","GroupId":15,"PartitionKey":null,"Process":"Host (21268/53)","ActivityId":"80083712-02bd-4d91-8fa3-2d3d50539350","DataSourceOperationIds":null},{"Id":"1.5","Query":"Filter Category Then Product","Step":"Filtered Product","Category":"Other","DataSourceKind":null,"Operation":"RemoteServiceEnvironment: CreateServiceStubs","StartTime":"2024-09-26T10:25:14.9775916Z","EndTime":"2024-09-26T10:25:14.979539Z","ExclusiveDurationPct":0.00038008346261226092,"ExclusiveDuration":"00:00:00.0019474","Resource":null,"DataSourceQuery":null,"AdditionalInfo":null,"RowCount":null,"ContentLength":null,"IsUserQuery":true,"Path":"0/25/27","GroupId":15,"PartitionKey":null,"Process":"Host (21268/53)","ActivityId":"80083712-02bd-4d91-8fa3-2d3d50539350","DataSourceOperationIds":null},{"Id":"1.5","Query":"Filter Category Then Product","Step":"Filtered Product","Category":"Evaluator","DataSourceKind":null,"Operation":"DisposeContainer","StartTime":"2024-09-26T10:25:16.4116875Z","EndTime":"2024-09-26T10:25:16.4146295Z","ExclusiveDurationPct":4.9769581475878882E-06,"ExclusiveDuration":"00:00:00.0000255","Resource":null,"DataSourceQuery":null,"AdditionalInfo":{"Identity":null},"RowCount":null,"ContentLength":null,"IsUserQuery":true,"Path":"0/28","GroupId":16,"PartitionKey":null,"Process":"Host (21268/53)","ActivityId":"80083712-02bd-4d91-8fa3-2d3d50539350","DataSourceOperationIds":null},{"Id":"1.5","Query":"Filter Category Then Product","Step":"Filtered Product","Category":"Other","DataSourceKind":null,"Operation":"RemoteEvaluationContainerFactory: Container: Dispose","StartTime":"2024-09-26T10:25:16.4117014Z","EndTime":"2024-09-26T10:25:16.4146179Z","ExclusiveDurationPct":2.5138518016051765E-05,"ExclusiveDuration":"00:00:00.0001288","Resource":null,"DataSourceQuery":null,"AdditionalInfo":null,"RowCount":null,"ContentLength":null,"IsUserQuery":true,"Path":"0/28/29","GroupId":16,"PartitionKey":null,"Process":"Host (21268/53)","ActivityId":"80083712-02bd-4d91-8fa3-2d3d50539350","DataSourceOperationIds":null},{"Id":"1.5","Query":"Filter Category Then Product","Step":"Filtered Product","Category":"Other","DataSourceKind":null,"Operation":"RemoteServiceEnvironment: DisposeServiceStubs","StartTime":"2024-09-26T10:25:16.4117062Z","EndTime":"2024-09-26T10:25:16.4144939Z","ExclusiveDurationPct":0.00054408887168748063,"ExclusiveDuration":"00:00:00.0027877","Resource":null,"DataSourceQuery":null,"AdditionalInfo":null,"RowCount":null,"ContentLength":null,"IsUserQuery":true,"Path":"0/28/29/30","GroupId":16,"PartitionKey":null,"Process":"Host (21268/53)","ActivityId":"80083712-02bd-4d91-8fa3-2d3d50539350","DataSourceOperationIds":null}]