[{"Id":"1.4","Query":"Filter Product Then Category","Step":"Filtered Category","Category":"Evaluation","DataSourceKind":null,"Operation":"Evaluation","StartTime":"2024-09-26T10:24:35.1192525Z","EndTime":"2024-09-26T10:24:40.2501489Z","ExclusiveDurationPct":0.0,"ExclusiveDuration":"00:00:00","Resource":null,"DataSourceQuery":null,"AdditionalInfo":null,"RowCount":null,"ContentLength":null,"IsUserQuery":true,"Path":"0","GroupId":0,"PartitionKey":null},{"Id":"1.4","Query":"Filter Product Then Category","Step":"Filtered Category","Category":"Evaluator","DataSourceKind":null,"Operation":"Query evaluation","StartTime":"2024-09-26T10:24:35.1192525Z","EndTime":"2024-09-26T10:24:36.5553296Z","ExclusiveDurationPct":0.00043881221222864678,"ExclusiveDuration":"00:00:00.0022515","Resource":null,"DataSourceQuery":null,"AdditionalInfo":null,"RowCount":null,"ContentLength":null,"IsUserQuery":true,"Path":"0/1","GroupId":1,"PartitionKey":null},{"Id":"1.4","Query":"Filter Product Then Category","Step":"Filtered Category","Category":"Evaluator","DataSourceKind":null,"Operation":"Query evaluation","StartTime":"2024-09-26T10:24:35.1214931Z","EndTime":"2024-09-26T10:24:36.555179Z","ExclusiveDurationPct":0.0035569808035882384,"ExclusiveDuration":"00:00:00.0182505","Resource":null,"DataSourceQuery":null,"AdditionalInfo":null,"RowCount":null,"ContentLength":null,"IsUserQuery":true,"Path":"0/1/2","GroupId":2,"PartitionKey":"Filter Product Then Category/Filtered Category"},{"Id":"1.4","Query":"Filter Product Then Category","Step":"Filtered Category","Category":"Evaluator","DataSourceKind":null,"Operation":"Query evaluation","StartTime":"2024-09-26T10:24:35.1394838Z","EndTime":"2024-09-26T10:24:36.3521038Z","ExclusiveDurationPct":0.00077783679280680855,"ExclusiveDuration":"00:00:00.0039910","Resource":null,"DataSourceQuery":null,"AdditionalInfo":null,"RowCount":null,"ContentLength":null,"IsUserQuery":true,"Path":"0/1/2/3","GroupId":3,"PartitionKey":"Categories/Renamed Columns"},{"Id":"1.4","Query":"Filter Product Then Category","Step":"Filtered Category","Category":"Data Source","DataSourceKind":"OData","Operation":"Request","StartTime":"2024-09-26T10:24:35.1432936Z","EndTime":"2024-09-26T10:24:36.3519058Z","ExclusiveDurationPct":0.018607411367729036,"ExclusiveDuration":"00:00:00.0954727","Resource":"https://services.odata.org/V3/OData/OData.svc","DataSourceQuery":"Request:\r\nhttps://services.odata.org/V3/OData/OData.svc/ HTTP/1.1\r\nContent-Type: application/json;odata.metadata=minimal;q=1.0,application/json;odata=minimalmetadata;q=0.9,application/atomsvc+xml;q=0.8,application/atom+xml;q=0.8,application/xml;q=0.7,text/plain;q=0.7\r\n\r\n<Content placeholder>\r\n\r\nResponse:\r\nContent-Type: application/json;odata.metadata=minimal;q=1.0,application/json;odata=minimalmetadata;q=0.9,application/atomsvc+xml;q=0.8,application/atom+xml;q=0.8,application/xml;q=0.7,text/plain;q=0.7\r\nContent-Length: 282\r\n\r\n<Content placeholder>\r\n","AdditionalInfo":{"Service Uri":"https://services.odata.org/V3/OData/OData.svc/","Throw On Bad Request":"True"},"RowCount":null,"ContentLength":282,"IsUserQuery":true,"Path":"0/1/2/3/4","GroupId":4,"PartitionKey":"Categories/Renamed Columns"},{"Id":"1.4","Query":"Filter Product Then Category","Step":"Filtered Category","Category":"Data Source","DataSourceKind":"OData","Operation":"Request","StartTime":"2024-09-26T10:24:35.1554735Z","EndTime":"2024-09-26T10:24:36.0857667Z","ExclusiveDurationPct":0.17741823826339584,"ExclusiveDuration":"00:00:00.9103146","Resource":"https://services.odata.org/V3/OData/OData.svc","DataSourceQuery":"Request:\r\nGET https://services.odata.org/V3/OData/OData.svc/ HTTP/1.1\r\n\r\nResponse:\r\nhttps://services.odata.org/V3/OData/OData.svc/\r\nHTTP/1.1 200 OK\r\n","AdditionalInfo":null,"RowCount":null,"ContentLength":null,"IsUserQuery":true,"Path":"0/1/2/3/4/5","GroupId":5,"PartitionKey":"Categories/Renamed Columns"},{"Id":"1.4","Query":"Filter Product Then Category","Step":"Filtered Category","Category":"Data Source","DataSourceKind":"OData","Operation":"GetResponseStream","StartTime":"2024-09-26T10:24:36.1450087Z","EndTime":"2024-09-26T10:24:36.3478336Z","ExclusiveDurationPct":0.00026751660781924966,"ExclusiveDuration":"00:00:00.0013726","Resource":"https://services.odata.org/V3/OData/OData.svc","DataSourceQuery":"Request:\r\nhttps://services.odata.org/V3/OData/OData.svc/$metadata HTTP/1.1\r\nContent-Type: application/xml\r\n\r\n<Content placeholder>\r\n\r\nResponse:\r\nContent-Type: application/xml\r\nContent-Length: 10034\r\n\r\n<Content placeholder>\r\n","AdditionalInfo":{"Throw On Bad Request":"True"},"RowCount":null,"ContentLength":10034,"IsUserQuery":true,"Path":"0/1/2/3/4/6","GroupId":6,"PartitionKey":"Categories/Renamed Columns"},{"Id":"1.4","Query":"Filter Product Then Category","Step":"Filtered Category","Category":"Data Source","DataSourceKind":"OData","Operation":"Request","StartTime":"2024-09-26T10:24:36.1458344Z","EndTime":"2024-09-26T10:24:36.3474192Z","ExclusiveDurationPct":0.039262593569419954,"ExclusiveDuration":"00:00:00.2014523","Resource":"https://services.odata.org/V3/OData/OData.svc","DataSourceQuery":"Request:\r\nGET https://services.odata.org/V3/OData/OData.svc/$metadata HTTP/1.1\r\n\r\nResponse:\r\nhttps://services.odata.org/V3/OData/OData.svc/$metadata\r\nHTTP/1.1 200 OK\r\n","AdditionalInfo":null,"RowCount":null,"ContentLength":null,"IsUserQuery":true,"Path":"0/1/2/3/4/6/7","GroupId":7,"PartitionKey":"Categories/Renamed Columns"},{"Id":"1.4","Query":"Filter Product Then Category","Step":"Filtered Category","Category":"Evaluator","DataSourceKind":null,"Operation":"Service: OnBeginGetResult: result","StartTime":"2024-09-26T10:24:36.3523468Z","EndTime":"2024-09-26T10:24:36.5553187Z","ExclusiveDurationPct":0.0005608961428260372,"ExclusiveDuration":"00:00:00.0028779","Resource":null,"DataSourceQuery":null,"AdditionalInfo":null,"RowCount":null,"ContentLength":null,"IsUserQuery":true,"Path":"0/1/8","GroupId":8,"PartitionKey":null},{"Id":"1.4","Query":"Filter Product Then Category","Step":"Filtered Category","Category":"Data Source","DataSourceKind":"OData","Operation":"Request","StartTime":"2024-09-26T10:24:36.3547713Z","EndTime":"2024-09-26T10:24:36.5548653Z","ExclusiveDurationPct":0.00041121469535030953,"ExclusiveDuration":"00:00:00.0021099","Resource":"https://services.odata.org/V3/OData/OData.svc","DataSourceQuery":"Request:\r\nhttps://services.odata.org/V3/OData/OData.svc/Categories?$expand=Products HTTP/1.1\r\nContent-Type: application/json;odata.metadata=minimal;q=1.0,application/json;odata=minimalmetadata;q=0.9,application/atomsvc+xml;q=0.8,application/atom+xml;q=0.8,application/xml;q=0.7,text/plain;q=0.7\r\n\r\n<Content placeholder>\r\n\r\nResponse:\r\nContent-Type: application/json;odata.metadata=minimal;q=1.0,application/json;odata=minimalmetadata;q=0.9,application/atomsvc+xml;q=0.8,application/atom+xml;q=0.8,application/xml;q=0.7,text/plain;q=0.7\r\nContent-Length: 914\r\n\r\n<Content placeholder>\r\n","AdditionalInfo":{"Throw On Bad Request":"True"},"RowCount":null,"ContentLength":914,"IsUserQuery":true,"Path":"0/1/8/9","GroupId":9,"PartitionKey":"Categories/Renamed Columns"},{"Id":"1.4","Query":"Filter Product Then Category","Step":"Filtered Category","Category":"Data Source","DataSourceKind":"OData","Operation":"Request","StartTime":"2024-09-26T10:24:36.355707Z","EndTime":"2024-09-26T10:24:36.5538186Z","ExclusiveDurationPct":0.038586649303618756,"ExclusiveDuration":"00:00:00.1979841","Resource":"https://services.odata.org/V3/OData/OData.svc/Categories","DataSourceQuery":"Request:\r\nGET https://services.odata.org/V3/OData/OData.svc/Categories?$expand=Products HTTP/1.1\r\n\r\nResponse:\r\nhttps://services.odata.org/V3/OData/OData.svc/Categories?$expand=Products\r\nHTTP/1.1 200 OK\r\n","AdditionalInfo":null,"RowCount":null,"ContentLength":null,"IsUserQuery":true,"Path":"0/1/8/9/10","GroupId":10,"PartitionKey":"Categories/Renamed Columns"},{"Id":"1.4","Query":"Filter Product Then Category","Step":"Filtered Category","Category":"Other","DataSourceKind":null,"Operation":"RemoteCancellationServiceFactory: Proxy: CancelAll","StartTime":"2024-09-26T10:24:36.5553666Z","EndTime":"2024-09-26T10:24:36.5553752Z","ExclusiveDurationPct":1.6761203753792415E-06,"ExclusiveDuration":"00:00:00.0000086","Resource":null,"DataSourceQuery":null,"AdditionalInfo":null,"RowCount":null,"ContentLength":null,"IsUserQuery":true,"Path":"0/16/11","GroupId":11,"PartitionKey":null},{"Id":"1.4","Query":"Filter Product Then Category","Step":"Filtered Category","Category":"Evaluator","DataSourceKind":null,"Operation":"Query evaluation","StartTime":"2024-09-26T10:24:36.5557366Z","EndTime":"2024-09-26T10:24:36.555766Z","ExclusiveDurationPct":2.8649964555900991E-06,"ExclusiveDuration":"00:00:00.0000147","Resource":null,"DataSourceQuery":null,"AdditionalInfo":null,"RowCount":null,"ContentLength":null,"IsUserQuery":true,"Path":"0/16/12","GroupId":12,"PartitionKey":"Filter Product Then Category/Filtered Category"},{"Id":"1.4","Query":"Filter Product Then Category","Step":"Filtered Category","Category":"Evaluator","DataSourceKind":null,"Operation":"Query evaluation","StartTime":"2024-09-26T10:24:36.5559186Z","EndTime":"2024-09-26T10:24:36.5559475Z","ExclusiveDurationPct":3.9564236767672796E-06,"ExclusiveDuration":"00:00:00.0000203","Resource":null,"DataSourceQuery":null,"AdditionalInfo":null,"RowCount":null,"ContentLength":null,"IsUserQuery":true,"Path":"0/16/13","GroupId":13,"PartitionKey":"Categories/Renamed Columns"},{"Id":"1.4","Query":"Filter Product Then Category","Step":"Filtered Category","Category":"Document Evaluator","DataSourceKind":null,"Operation":"Document evaluation","StartTime":"2024-09-26T10:24:38.7876102Z","EndTime":"2024-09-26T10:24:40.2472423Z","ExclusiveDurationPct":0.28447896550785939,"ExclusiveDuration":"00:00:01.4596321","Resource":null,"DataSourceQuery":null,"AdditionalInfo":{"Identity":null},"RowCount":null,"ContentLength":null,"IsUserQuery":true,"Path":"0/16/14","GroupId":14,"PartitionKey":null},{"Id":"1.4","Query":"Filter Product Then Category","Step":"Filtered Category","Category":"Evaluator","DataSourceKind":null,"Operation":"Query evaluation","StartTime":"2024-09-26T10:24:40.2472781Z","EndTime":"2024-09-26T10:24:40.2501489Z","ExclusiveDurationPct":0.00055951236902775895,"ExclusiveDuration":"00:00:00.0028708","Resource":null,"DataSourceQuery":null,"AdditionalInfo":{"Identity":null},"RowCount":null,"ContentLength":null,"IsUserQuery":true,"Path":"0/15","GroupId":15,"PartitionKey":null},{"Id":"1.4","Query":"Filter Product Then Category","Step":"Filtered Category","Category":"Trace Gaps","DataSourceKind":null,"Operation":"Trace Gaps","StartTime":"2024-09-26T10:24:36.5553296Z","EndTime":"2024-09-26T10:24:40.2472781Z","ExclusiveDurationPct":0.43506487482382222,"ExclusiveDuration":"00:00:02.2322728","Resource":null,"DataSourceQuery":null,"AdditionalInfo":null,"RowCount":null,"ContentLength":null,"IsUserQuery":true,"Path":"0/16","GroupId":0,"PartitionKey":null}]