[{"Id":"1.5","Query":"Filter Category Then Product","Step":"Filtered Product","Category":"Evaluation","DataSourceKind":null,"Operation":"Evaluation","StartTime":"2024-09-26T10:25:11.291018Z","EndTime":"2024-09-26T10:25:16.4146295Z","ExclusiveDurationPct":0.0,"ExclusiveDuration":"00:00:00","Resource":null,"DataSourceQuery":null,"AdditionalInfo":null,"RowCount":null,"ContentLength":null,"IsUserQuery":true,"Path":"0","GroupId":0,"PartitionKey":null},{"Id":"1.5","Query":"Filter Category Then Product","Step":"Filtered Product","Category":"Evaluator","DataSourceKind":null,"Operation":"Query evaluation","StartTime":"2024-09-26T10:25:11.291018Z","EndTime":"2024-09-26T10:25:12.7192487Z","ExclusiveDurationPct":0.00029522144682515454,"ExclusiveDuration":"00:00:00.0015126","Resource":null,"DataSourceQuery":null,"AdditionalInfo":null,"RowCount":null,"ContentLength":null,"IsUserQuery":true,"Path":"0/1","GroupId":1,"PartitionKey":null},{"Id":"1.5","Query":"Filter Category Then Product","Step":"Filtered Product","Category":"Evaluator","DataSourceKind":null,"Operation":"Query evaluation","StartTime":"2024-09-26T10:25:11.2925192Z","EndTime":"2024-09-26T10:25:12.7191645Z","ExclusiveDurationPct":0.00220838367624087,"ExclusiveDuration":"00:00:00.0113149","Resource":null,"DataSourceQuery":null,"AdditionalInfo":null,"RowCount":null,"ContentLength":null,"IsUserQuery":true,"Path":"0/1/2","GroupId":2,"PartitionKey":"Filter Category Then Product/Filtered Product"},{"Id":"1.5","Query":"Filter Category Then Product","Step":"Filtered Product","Category":"Evaluator","DataSourceKind":null,"Operation":"Query evaluation","StartTime":"2024-09-26T10:25:11.3036652Z","EndTime":"2024-09-26T10:25:12.5196632Z","ExclusiveDurationPct":0.00092067870485496419,"ExclusiveDuration":"00:00:00.0047172","Resource":null,"DataSourceQuery":null,"AdditionalInfo":null,"RowCount":null,"ContentLength":null,"IsUserQuery":true,"Path":"0/1/2/3","GroupId":3,"PartitionKey":"Categories/Renamed Columns"},{"Id":"1.5","Query":"Filter Category Then Product","Step":"Filtered Product","Category":"Data Source","DataSourceKind":"OData","Operation":"Request","StartTime":"2024-09-26T10:25:11.308297Z","EndTime":"2024-09-26T10:25:12.5195346Z","ExclusiveDurationPct":0.01990599794695597,"ExclusiveDuration":"00:00:00.1019906","Resource":"https://services.odata.org/V3/OData/OData.svc","DataSourceQuery":"Request:\r\nhttps://services.odata.org/V3/OData/OData.svc/ HTTP/1.1\r\nContent-Type: application/json;odata.metadata=minimal;q=1.0,application/json;odata=minimalmetadata;q=0.9,application/atomsvc+xml;q=0.8,application/atom+xml;q=0.8,application/xml;q=0.7,text/plain;q=0.7\r\n\r\n<Content placeholder>\r\n\r\nResponse:\r\nContent-Type: application/json;odata.metadata=minimal;q=1.0,application/json;odata=minimalmetadata;q=0.9,application/atomsvc+xml;q=0.8,application/atom+xml;q=0.8,application/xml;q=0.7,text/plain;q=0.7\r\nContent-Length: 282\r\n\r\n<Content placeholder>\r\n","AdditionalInfo":{"Service Uri":"https://services.odata.org/V3/OData/OData.svc/","Throw On Bad Request":"True"},"RowCount":null,"ContentLength":282,"IsUserQuery":true,"Path":"0/1/2/3/4","GroupId":4,"PartitionKey":"Categories/Renamed Columns"},{"Id":"1.5","Query":"Filter Category Then Product","Step":"Filtered Product","Category":"Data Source","DataSourceKind":"OData","Operation":"Request","StartTime":"2024-09-26T10:25:11.3182946Z","EndTime":"2024-09-26T10:25:12.212577Z","ExclusiveDurationPct":0.17023796593477081,"ExclusiveDuration":"00:00:00.8722332","Resource":"https://services.odata.org/V3/OData/OData.svc","DataSourceQuery":"Request:\r\nGET https://services.odata.org/V3/OData/OData.svc/ HTTP/1.1\r\n\r\nResponse:\r\nhttps://services.odata.org/V3/OData/OData.svc/\r\nHTTP/1.1 200 OK\r\n","AdditionalInfo":null,"RowCount":null,"ContentLength":null,"IsUserQuery":true,"Path":"0/1/2/3/4/5","GroupId":5,"PartitionKey":"Categories/Renamed Columns"},{"Id":"1.5","Query":"Filter Category Then Product","Step":"Filtered Product","Category":"Data Source","DataSourceKind":"OData","Operation":"GetResponseStream","StartTime":"2024-09-26T10:25:12.2764118Z","EndTime":"2024-09-26T10:25:12.5134256Z","ExclusiveDurationPct":0.00027283489390247489,"ExclusiveDuration":"00:00:00.0013979","Resource":"https://services.odata.org/V3/OData/OData.svc","DataSourceQuery":"Request:\r\nhttps://services.odata.org/V3/OData/OData.svc/$metadata HTTP/1.1\r\nContent-Type: application/xml\r\n\r\n<Content placeholder>\r\n\r\nResponse:\r\nContent-Type: application/xml\r\nContent-Length: 10034\r\n\r\n<Content placeholder>\r\n","AdditionalInfo":{"Throw On Bad Request":"True"},"RowCount":null,"ContentLength":10034,"IsUserQuery":true,"Path":"0/1/2/3/4/6","GroupId":6,"PartitionKey":"Categories/Renamed Columns"},{"Id":"1.5","Query":"Filter Category Then Product","Step":"Filtered Product","Category":"Data Source","DataSourceKind":"OData","Operation":"Request","StartTime":"2024-09-26T10:25:12.276977Z","EndTime":"2024-09-26T10:25:12.5127364Z","ExclusiveDurationPct":0.045986293066911883,"ExclusiveDuration":"00:00:00.2356159","Resource":"https://services.odata.org/V3/OData/OData.svc","DataSourceQuery":"Request:\r\nGET https://services.odata.org/V3/OData/OData.svc/$metadata HTTP/1.1\r\n\r\nResponse:\r\nhttps://services.odata.org/V3/OData/OData.svc/$metadata\r\nHTTP/1.1 200 OK\r\n","AdditionalInfo":null,"RowCount":null,"ContentLength":null,"IsUserQuery":true,"Path":"0/1/2/3/4/6/7","GroupId":7,"PartitionKey":"Categories/Renamed Columns"},{"Id":"1.5","Query":"Filter Category Then Product","Step":"Filtered Product","Category":"Evaluator","DataSourceKind":null,"Operation":"Service: OnBeginGetResult: result","StartTime":"2024-09-26T10:25:12.5197889Z","EndTime":"2024-09-26T10:25:12.7192373Z","ExclusiveDurationPct":0.000554003753016793,"ExclusiveDuration":"00:00:00.0028385","Resource":null,"DataSourceQuery":null,"AdditionalInfo":null,"RowCount":null,"ContentLength":null,"IsUserQuery":true,"Path":"0/1/8","GroupId":8,"PartitionKey":null},{"Id":"1.5","Query":"Filter Category Then Product","Step":"Filtered Product","Category":"Data Source","DataSourceKind":"OData","Operation":"CreateResult","StartTime":"2024-09-26T10:25:12.5219217Z","EndTime":"2024-09-26T10:25:12.7185316Z","ExclusiveDurationPct":0.000250116543769956,"ExclusiveDuration":"00:00:00.0012815","Resource":"https://services.odata.org/V3/OData/OData.svc","DataSourceQuery":"https://services.odata.org/V3/OData/OData.svc/Categories?$filter=Name ne 'Electronics'&$expand=Products HTTP/1.1\r\n","AdditionalInfo":null,"RowCount":null,"ContentLength":null,"IsUserQuery":true,"Path":"0/1/8/9","GroupId":9,"PartitionKey":"Categories/Renamed Columns"},{"Id":"1.5","Query":"Filter Category Then Product","Step":"Filtered Product","Category":"Data Source","DataSourceKind":"OData","Operation":"GetResponseStream","StartTime":"2024-09-26T10:25:12.5224906Z","EndTime":"2024-09-26T10:25:12.717819Z","ExclusiveDurationPct":0.000140311184796115,"ExclusiveDuration":"00:00:00.0007189","Resource":"https://services.odata.org/V3/OData/OData.svc","DataSourceQuery":"Request:\r\nhttps://services.odata.org/V3/OData/OData.svc/Categories?$filter=Name%20ne%20'Electronics'&$expand=Products HTTP/1.1\r\nContent-Type: application/json;odata.metadata=minimal;q=1.0,application/json;odata=minimalmetadata;q=0.9,application/atomsvc+xml;q=0.8,application/atom+xml;q=0.8,application/xml;q=0.7,text/plain;q=0.7\r\n\r\n<Content placeholder>\r\n\r\nResponse:\r\nContent-Type: application/json;odata.metadata=minimal;q=1.0,application/json;odata=minimalmetadata;q=0.9,application/atomsvc+xml;q=0.8,application/atom+xml;q=0.8,application/xml;q=0.7,text/plain;q=0.7\r\nContent-Length: 780\r\n\r\n<Content placeholder>\r\n","AdditionalInfo":{"Throw On Bad Request":"True"},"RowCount":null,"ContentLength":780,"IsUserQuery":true,"Path":"0/1/8/9/10","GroupId":10,"PartitionKey":"Categories/Renamed Columns"},{"Id":"1.5","Query":"Filter Category Then Product","Step":"Filtered Product","Category":"Data Source","DataSourceKind":"OData","Operation":"Request","StartTime":"2024-09-26T10:25:12.5227467Z","EndTime":"2024-09-26T10:25:12.7177447Z","ExclusiveDurationPct":0.0379828759460002,"ExclusiveDuration":"00:00:00.1946095","Resource":"https://services.odata.org/V3/OData/OData.svc/Categories","DataSourceQuery":"Request:\r\nGET https://services.odata.org/V3/OData/OData.svc/Categories?$filter=Name ne 'Electronics'&$expand=Products HTTP/1.1\r\n\r\nResponse:\r\nhttps://services.odata.org/V3/OData/OData.svc/Categories?$filter=Name ne 'Electronics'&$expand=Products\r\nHTTP/1.1 200 OK\r\n","AdditionalInfo":null,"RowCount":null,"ContentLength":null,"IsUserQuery":true,"Path":"0/1/8/9/10/11","GroupId":11,"PartitionKey":"Categories/Renamed Columns"},{"Id":"1.5","Query":"Filter Category Then Product","Step":"Filtered Product","Category":"Other","DataSourceKind":null,"Operation":"RemoteCancellationServiceFactory: Proxy: CancelAll","StartTime":"2024-09-26T10:25:12.7192898Z","EndTime":"2024-09-26T10:25:12.7192984Z","ExclusiveDurationPct":1.6785035321276798E-06,"ExclusiveDuration":"00:00:00.0000086","Resource":null,"DataSourceQuery":null,"AdditionalInfo":null,"RowCount":null,"ContentLength":null,"IsUserQuery":true,"Path":"0/17/12","GroupId":12,"PartitionKey":null},{"Id":"1.5","Query":"Filter Category Then Product","Step":"Filtered Product","Category":"Evaluator","DataSourceKind":null,"Operation":"Query evaluation","StartTime":"2024-09-26T10:25:12.7195593Z","EndTime":"2024-09-26T10:25:12.7195819Z","ExclusiveDurationPct":2.9471399226892984E-06,"ExclusiveDuration":"00:00:00.0000151","Resource":null,"DataSourceQuery":null,"AdditionalInfo":null,"RowCount":null,"ContentLength":null,"IsUserQuery":true,"Path":"0/17/13","GroupId":13,"PartitionKey":"Filter Category Then Product/Filtered Product"},{"Id":"1.5","Query":"Filter Category Then Product","Step":"Filtered Product","Category":"Evaluator","DataSourceKind":null,"Operation":"Query evaluation","StartTime":"2024-09-26T10:25:12.7197178Z","EndTime":"2024-09-26T10:25:12.7208293Z","ExclusiveDurationPct":3.4350769959822288E-06,"ExclusiveDuration":"00:00:00.0000176","Resource":null,"DataSourceQuery":null,"AdditionalInfo":null,"RowCount":null,"ContentLength":null,"IsUserQuery":true,"Path":"0/17/14","GroupId":14,"PartitionKey":"Categories/Renamed Columns"},{"Id":"1.5","Query":"Filter Category Then Product","Step":"Filtered Product","Category":"Document Evaluator","DataSourceKind":null,"Operation":"Document evaluation","StartTime":"2024-09-26T10:25:14.9772077Z","EndTime":"2024-09-26T10:25:16.4116591Z","ExclusiveDurationPct":0.27996880715877853,"ExclusiveDuration":"00:00:01.4344514","Resource":null,"DataSourceQuery":null,"AdditionalInfo":{"Identity":null},"RowCount":null,"ContentLength":null,"IsUserQuery":true,"Path":"0/17/15","GroupId":15,"PartitionKey":null},{"Id":"1.5","Query":"Filter Category Then Product","Step":"Filtered Product","Category":"Evaluator","DataSourceKind":null,"Operation":"Query evaluation","StartTime":"2024-09-26T10:25:16.4116875Z","EndTime":"2024-09-26T10:25:16.4146295Z","ExclusiveDurationPct":0.00057420434785112034,"ExclusiveDuration":"00:00:00.0029420","Resource":null,"DataSourceQuery":null,"AdditionalInfo":{"Identity":null},"RowCount":null,"ContentLength":null,"IsUserQuery":true,"Path":"0/16","GroupId":16,"PartitionKey":null},{"Id":"1.5","Query":"Filter Category Then Product","Step":"Filtered Product","Category":"Trace Gaps","DataSourceKind":null,"Operation":"Trace Gaps","StartTime":"2024-09-26T10:25:12.7192487Z","EndTime":"2024-09-26T10:25:16.4116875Z","ExclusiveDurationPct":0.44069424467487439,"ExclusiveDuration":"00:00:02.2579461","Resource":null,"DataSourceQuery":null,"AdditionalInfo":null,"RowCount":null,"ContentLength":null,"IsUserQuery":true,"Path":"0/17","GroupId":0,"PartitionKey":null}]