[{"Id":"1.4","PartitionKey":"Filter Product Then Category/Filtered Category","AccessedResources":null,"Expression":"let\r\n  _t = Section1!#\"Filter Product Then Category\"\r\nin\r\n  if _t is table then Table.FirstN(_t, 1000) meta Value.Metadata(_t)\r\n  else if _t is list then List.FirstN(_t, 1000) meta Value.Metadata(_t)\r\n  else _t","FirewallGroup":"Public/Untrusted","PartitionInputs":["Categories/Renamed Columns"],"StartTime":"2024-09-26T10:24:35.1394267Z","EndTime":"2024-09-26T10:24:36.3523016Z","Duration":"00:00:01.2128749","ExclusiveDuration":"00:00:00.0032741","ExclusiveDurationPct":0.0026994539997488615},{"Id":"1.4","PartitionKey":"Categories/Renamed Columns","AccessedResources":["OData/https://services.odata.org/V3/OData/OData.svc"],"Expression":"Section1!Categories","FirewallGroup":"Public/Untrusted","PartitionInputs":null,"StartTime":"2024-09-26T10:24:35.142503Z","EndTime":"2024-09-26T10:24:36.3521038Z","Duration":"00:00:01.2096008","ExclusiveDuration":"00:00:01.2096008","ExclusiveDurationPct":0.9973005460002512}]