[{"Id":"1.5","PartitionKey":"Filter Category Then Product/Filtered Product","AccessedResources":null,"Expression":"let\r\n  _t = Section1!#\"Filter Category Then Product\"\r\nin\r\n  if _t is table then Table.FirstN(_t, 1000) meta Value.Metadata(_t)\r\n  else if _t is list then List.FirstN(_t, 1000) meta Value.Metadata(_t)\r\n  else _t","FirewallGroup":"Public/Untrusted","PartitionInputs":["Categories/Renamed Columns"],"StartTime":"2024-09-26T10:25:11.3035795Z","EndTime":"2024-09-26T10:25:12.5197676Z","Duration":"00:00:01.2161881","ExclusiveDuration":"00:00:00.0039637","ExclusiveDurationPct":0.0032591175657778596},{"Id":"1.5","PartitionKey":"Categories/Renamed Columns","AccessedResources":["OData/https://services.odata.org/V3/OData/OData.svc"],"Expression":"Section1!Categories","FirewallGroup":"Public/Untrusted","PartitionInputs":null,"StartTime":"2024-09-26T10:25:11.3074388Z","EndTime":"2024-09-26T10:25:12.5196632Z","Duration":"00:00:01.2122244","ExclusiveDuration":"00:00:01.2122244","ExclusiveDurationPct":0.9967408824342221}]