[{"Id":"1.4","Query":"Filter Product Then Category","Step":"Filtered Category","Category":"Evaluation","DataSourceKind":null,"Operation":"Evaluation","StartTime":"2024-09-26T10:24:35.1192525Z","EndTime":"2024-09-26T10:24:40.2501489Z","ExclusiveDurationPct":0.0,"ExclusiveDuration":"00:00:00","Resource":null,"DataSourceQuery":null,"AdditionalInfo":null,"RowCount":null,"ContentLength":null,"IsUserQuery":true,"Path":"0","GroupId":0,"PartitionKey":null,"Process":null,"ActivityId":"1e4e8108-9ba6-4837-b0d5-dc521c08ec15","DataSourceOperationIds":null},{"Id":"1.4","Query":"Filter Product Then Category","Step":"Filtered Category","Category":"Evaluator","DataSourceKind":null,"Operation":"Service: OnBeginGetResult","StartTime":"2024-09-26T10:24:35.1192525Z","EndTime":"2024-09-26T10:24:36.5553296Z","ExclusiveDurationPct":1.2473453956310634E-05,"ExclusiveDuration":"00:00:00.0000640","Resource":null,"DataSourceQuery":null,"AdditionalInfo":null,"RowCount":null,"ContentLength":null,"IsUserQuery":true,"Path":"0/1","GroupId":1,"PartitionKey":null,"Process":"Engine (25820/1)","ActivityId":"1e4e8108-9ba6-4837-b0d5-dc521c08ec15","DataSourceOperationIds":null},{"Id":"1.4","Query":"Filter Product Then Category","Step":"Filtered Category","Category":"Evaluator","DataSourceKind":null,"Operation":"GetResult","StartTime":"2024-09-26T10:24:35.1193056Z","EndTime":"2024-09-26T10:24:36.3523282Z","ExclusiveDurationPct":0.00042633875827233615,"ExclusiveDuration":"00:00:00.0021875","Resource":null,"DataSourceQuery":null,"AdditionalInfo":null,"RowCount":null,"ContentLength":null,"IsUserQuery":true,"Path":"0/1/2","GroupId":1,"PartitionKey":null,"Process":"Engine (25820/1)","ActivityId":"1e4e8108-9ba6-4837-b0d5-dc521c08ec15","DataSourceOperationIds":null},{"Id":"1.4","Query":"Filter Product Then Category","Step":"Filtered Category","Category":"Evaluator","DataSourceKind":null,"Operation":"GetResult","StartTime":"2024-09-26T10:24:35.1214931Z","EndTime":"2024-09-26T10:24:36.555179Z","ExclusiveDurationPct":1.5124062922026645E-05,"ExclusiveDuration":"00:00:00.0000776","Resource":null,"DataSourceQuery":null,"AdditionalInfo":null,"RowCount":null,"ContentLength":null,"IsUserQuery":true,"Path":"0/1/3","GroupId":2,"PartitionKey":"Filter Product Then Category/Filtered Category","Process":"Engine (25820/1)","ActivityId":"1e4e8108-9ba6-4837-b0d5-dc521c08ec15","DataSourceOperationIds":null},{"Id":"1.4","Query":"Filter Product Then Category","Step":"Filtered Category","Category":"Evaluator","DataSourceKind":null,"Operation":"GetResult: Compile","StartTime":"2024-09-26T10:24:35.1214976Z","EndTime":"2024-09-26T10:24:35.1393988Z","ExclusiveDurationPct":0.0034889030306673114,"ExclusiveDuration":"00:00:00.0179012","Resource":null,"DataSourceQuery":null,"AdditionalInfo":null,"RowCount":null,"ContentLength":null,"IsUserQuery":true,"Path":"0/1/2/4","GroupId":2,"PartitionKey":"Filter Product Then Category/Filtered Category","Process":"Engine (25820/1)","ActivityId":"1e4e8108-9ba6-4837-b0d5-dc521c08ec15","DataSourceOperationIds":null},{"Id":"1.4","Query":"Filter Product Then Category","Step":"Filtered Category","Category":"Evaluator","DataSourceKind":null,"Operation":"GetResult: Evaluate","StartTime":"2024-09-26T10:24:35.1394267Z","EndTime":"2024-09-26T10:24:36.3523016Z","ExclusiveDurationPct":5.295370999889999E-05,"ExclusiveDuration":"00:00:00.0002717","Resource":null,"DataSourceQuery":null,"AdditionalInfo":null,"RowCount":null,"ContentLength":null,"IsUserQuery":true,"Path":"0/1/2/5","GroupId":2,"PartitionKey":"Filter Product Then Category/Filtered Category","Process":"Engine (25820/1)","ActivityId":"1e4e8108-9ba6-4837-b0d5-dc521c08ec15","DataSourceOperationIds":null},{"Id":"1.4","Query":"Filter Product Then Category","Step":"Filtered Category","Category":"Evaluator","DataSourceKind":null,"Operation":"GetResult: Compile","StartTime":"2024-09-26T10:24:35.1394838Z","EndTime":"2024-09-26T10:24:35.1424862Z","ExclusiveDurationPct":0.00058516090872542264,"ExclusiveDuration":"00:00:00.0030024","Resource":null,"DataSourceQuery":null,"AdditionalInfo":null,"RowCount":null,"ContentLength":null,"IsUserQuery":true,"Path":"0/1/2/5/6","GroupId":3,"PartitionKey":"Categories/Renamed Columns","Process":"Engine (25820/1)","ActivityId":"1e4e8108-9ba6-4837-b0d5-dc521c08ec15","DataSourceOperationIds":null},{"Id":"1.4","Query":"Filter Product Then Category","Step":"Filtered Category","Category":"Evaluator","DataSourceKind":null,"Operation":"GetResult: Evaluate","StartTime":"2024-09-26T10:24:35.142503Z","EndTime":"2024-09-26T10:24:36.3521038Z","ExclusiveDurationPct":0.00019267588408138585,"ExclusiveDuration":"00:00:00.0009886","Resource":null,"DataSourceQuery":null,"AdditionalInfo":null,"RowCount":null,"ContentLength":null,"IsUserQuery":true,"Path":"0/1/2/5/7","GroupId":3,"PartitionKey":"Categories/Renamed Columns","Process":"Engine (25820/1)","ActivityId":"1e4e8108-9ba6-4837-b0d5-dc521c08ec15","DataSourceOperationIds":null},{"Id":"1.4","Query":"Filter Product Then Category","Step":"Filtered Category","Category":"Data Source","DataSourceKind":"OData","Operation":"Create","StartTime":"2024-09-26T10:24:35.1432936Z","EndTime":"2024-09-26T10:24:36.3519058Z","ExclusiveDurationPct":0.010499023133657503,"ExclusiveDuration":"00:00:00.0538694","Resource":"https://services.odata.org/V3/OData/OData.svc","DataSourceQuery":"https://services.odata.org/V3/OData/OData.svc/ HTTP/1.1\r\n","AdditionalInfo":{"Service Uri":"https://services.odata.org/V3/OData/OData.svc/"},"RowCount":null,"ContentLength":null,"IsUserQuery":true,"Path":"0/1/2/5/7/8","GroupId":4,"PartitionKey":"Categories/Renamed Columns","Process":"Engine (25820/1)","ActivityId":"1e4e8108-9ba6-4837-b0d5-dc521c08ec15","DataSourceOperationIds":null},{"Id":"1.4","Query":"Filter Product Then Category","Step":"Filtered Category","Category":"Data Source","DataSourceKind":"OData","Operation":"GetResponseStream","StartTime":"2024-09-26T10:24:35.1433853Z","EndTime":"2024-09-26T10:24:36.0953032Z","ExclusiveDurationPct":0.0081083882340715358,"ExclusiveDuration":"00:00:00.0416033","Resource":"https://services.odata.org/V3/OData/OData.svc","DataSourceQuery":"Request:\r\nhttps://services.odata.org/V3/OData/OData.svc/ HTTP/1.1\r\nContent-Type: application/json;odata.metadata=minimal;q=1.0,application/json;odata=minimalmetadata;q=0.9,application/atomsvc+xml;q=0.8,application/atom+xml;q=0.8,application/xml;q=0.7,text/plain;q=0.7\r\n\r\n<Content placeholder>\r\n\r\nResponse:\r\nContent-Type: application/json;odata.metadata=minimal;q=1.0,application/json;odata=minimalmetadata;q=0.9,application/atomsvc+xml;q=0.8,application/atom+xml;q=0.8,application/xml;q=0.7,text/plain;q=0.7\r\nContent-Length: 282\r\n\r\n<Content placeholder>\r\n","AdditionalInfo":{"Throw On Bad Request":"True"},"RowCount":null,"ContentLength":282,"IsUserQuery":true,"Path":"0/1/2/5/7/8/9","GroupId":4,"PartitionKey":"Categories/Renamed Columns","Process":"Engine (25820/1)","ActivityId":"1e4e8108-9ba6-4837-b0d5-dc521c08ec15","DataSourceOperationIds":null},{"Id":"1.4","Query":"Filter Product Then Category","Step":"Filtered Category","Category":"Data Source","DataSourceKind":"OData","Operation":"Request","StartTime":"2024-09-26T10:24:35.1554735Z","EndTime":"2024-09-26T10:24:35.1554956Z","ExclusiveDurationPct":4.3072395692885162E-06,"ExclusiveDuration":"00:00:00.0000221","Resource":"https://services.odata.org/V3/OData/OData.svc","DataSourceQuery":null,"AdditionalInfo":null,"RowCount":null,"ContentLength":null,"IsUserQuery":true,"Path":"0/1/2/5/7/8/9/10","GroupId":5,"PartitionKey":"Categories/Renamed Columns","Process":"Engine (25820/1)","ActivityId":"1e4e8108-9ba6-4837-b0d5-dc521c08ec15","DataSourceOperationIds":null},{"Id":"1.4","Query":"Filter Product Then Category","Step":"Filtered Category","Category":"Data Source","DataSourceKind":"OData","Operation":"GetResponse","StartTime":"2024-09-26T10:24:35.1754742Z","EndTime":"2024-09-26T10:24:36.0857667Z","ExclusiveDurationPct":0.17741393102382655,"ExclusiveDuration":"00:00:00.9102925","Resource":"https://services.odata.org/V3/OData/OData.svc","DataSourceQuery":"Request:\r\nGET https://services.odata.org/V3/OData/OData.svc/ HTTP/1.1\r\n\r\nResponse:\r\nhttps://services.odata.org/V3/OData/OData.svc/\r\nHTTP/1.1 200 OK\r\n","AdditionalInfo":null,"RowCount":null,"ContentLength":null,"IsUserQuery":true,"Path":"0/1/2/5/7/8/9/11","GroupId":5,"PartitionKey":"Categories/Renamed Columns","Process":"Engine (25820/1)","ActivityId":"1e4e8108-9ba6-4837-b0d5-dc521c08ec15","DataSourceOperationIds":null},{"Id":"1.4","Query":"Filter Product Then Category","Step":"Filtered Category","Category":"Data Source","DataSourceKind":"OData","Operation":"GetResponseStream","StartTime":"2024-09-26T10:24:36.1450087Z","EndTime":"2024-09-26T10:24:36.3478336Z","ExclusiveDurationPct":0.00026751660781924966,"ExclusiveDuration":"00:00:00.0013726","Resource":"https://services.odata.org/V3/OData/OData.svc","DataSourceQuery":"Request:\r\nhttps://services.odata.org/V3/OData/OData.svc/$metadata HTTP/1.1\r\nContent-Type: application/xml\r\n\r\n<Content placeholder>\r\n\r\nResponse:\r\nContent-Type: application/xml\r\nContent-Length: 10034\r\n\r\n<Content placeholder>\r\n","AdditionalInfo":{"Throw On Bad Request":"True"},"RowCount":null,"ContentLength":10034,"IsUserQuery":true,"Path":"0/1/2/5/7/8/12","GroupId":6,"PartitionKey":"Categories/Renamed Columns","Process":"Engine (25820/1)","ActivityId":"1e4e8108-9ba6-4837-b0d5-dc521c08ec15","DataSourceOperationIds":null},{"Id":"1.4","Query":"Filter Product Then Category","Step":"Filtered Category","Category":"Data Source","DataSourceKind":"OData","Operation":"Request","StartTime":"2024-09-26T10:24:36.1458344Z","EndTime":"2024-09-26T10:24:36.1458483Z","ExclusiveDurationPct":2.7090782811362164E-06,"ExclusiveDuration":"00:00:00.0000139","Resource":"https://services.odata.org/V3/OData/OData.svc","DataSourceQuery":null,"AdditionalInfo":null,"RowCount":null,"ContentLength":null,"IsUserQuery":true,"Path":"0/1/2/5/7/8/12/13","GroupId":7,"PartitionKey":"Categories/Renamed Columns","Process":"Engine (25820/1)","ActivityId":"1e4e8108-9ba6-4837-b0d5-dc521c08ec15","DataSourceOperationIds":null},{"Id":"1.4","Query":"Filter Product Then Category","Step":"Filtered Category","Category":"Data Source","DataSourceKind":"OData","Operation":"GetResponse","StartTime":"2024-09-26T10:24:36.1459808Z","EndTime":"2024-09-26T10:24:36.3474192Z","ExclusiveDurationPct":0.039259884491138819,"ExclusiveDuration":"00:00:00.2014384","Resource":"https://services.odata.org/V3/OData/OData.svc","DataSourceQuery":"Request:\r\nGET https://services.odata.org/V3/OData/OData.svc/$metadata HTTP/1.1\r\n\r\nResponse:\r\nhttps://services.odata.org/V3/OData/OData.svc/$metadata\r\nHTTP/1.1 200 OK\r\n","AdditionalInfo":null,"RowCount":null,"ContentLength":null,"IsUserQuery":true,"Path":"0/1/2/5/7/8/12/14","GroupId":7,"PartitionKey":"Categories/Renamed Columns","Process":"Engine (25820/1)","ActivityId":"1e4e8108-9ba6-4837-b0d5-dc521c08ec15","DataSourceOperationIds":null},{"Id":"1.4","Query":"Filter Product Then Category","Step":"Filtered Category","Category":"Evaluator","DataSourceKind":null,"Operation":"Service: OnBeginGetResult: result","StartTime":"2024-09-26T10:24:36.3523468Z","EndTime":"2024-09-26T10:24:36.5553187Z","ExclusiveDurationPct":0.0005608961428260372,"ExclusiveDuration":"00:00:00.0028779","Resource":null,"DataSourceQuery":null,"AdditionalInfo":null,"RowCount":null,"ContentLength":null,"IsUserQuery":true,"Path":"0/1/15","GroupId":8,"PartitionKey":null,"Process":"Engine (25820/1)","ActivityId":"1e4e8108-9ba6-4837-b0d5-dc521c08ec15","DataSourceOperationIds":null},{"Id":"1.4","Query":"Filter Product Then Category","Step":"Filtered Category","Category":"Data Source","DataSourceKind":"OData","Operation":"CreateResult","StartTime":"2024-09-26T10:24:36.3547713Z","EndTime":"2024-09-26T10:24:36.5548653Z","ExclusiveDurationPct":0.00030821125135171312,"ExclusiveDuration":"00:00:00.0015814","Resource":"https://services.odata.org/V3/OData/OData.svc","DataSourceQuery":"https://services.odata.org/V3/OData/OData.svc/Categories?$expand=Products HTTP/1.1\r\n","AdditionalInfo":null,"RowCount":null,"ContentLength":null,"IsUserQuery":true,"Path":"0/1/15/16","GroupId":9,"PartitionKey":"Categories/Renamed Columns","Process":"Engine (25820/1)","ActivityId":"1e4e8108-9ba6-4837-b0d5-dc521c08ec15","DataSourceOperationIds":null},{"Id":"1.4","Query":"Filter Product Then Category","Step":"Filtered Category","Category":"Data Source","DataSourceKind":"OData","Operation":"GetResponseStream","StartTime":"2024-09-26T10:24:36.3553848Z","EndTime":"2024-09-26T10:24:36.5538974Z","ExclusiveDurationPct":0.00010300344399859642,"ExclusiveDuration":"00:00:00.0005285","Resource":"https://services.odata.org/V3/OData/OData.svc","DataSourceQuery":"Request:\r\nhttps://services.odata.org/V3/OData/OData.svc/Categories?$expand=Products HTTP/1.1\r\nContent-Type: application/json;odata.metadata=minimal;q=1.0,application/json;odata=minimalmetadata;q=0.9,application/atomsvc+xml;q=0.8,application/atom+xml;q=0.8,application/xml;q=0.7,text/plain;q=0.7\r\n\r\n<Content placeholder>\r\n\r\nResponse:\r\nContent-Type: application/json;odata.metadata=minimal;q=1.0,application/json;odata=minimalmetadata;q=0.9,application/atomsvc+xml;q=0.8,application/atom+xml;q=0.8,application/xml;q=0.7,text/plain;q=0.7\r\nContent-Length: 914\r\n\r\n<Content placeholder>\r\n","AdditionalInfo":{"Throw On Bad Request":"True"},"RowCount":null,"ContentLength":914,"IsUserQuery":true,"Path":"0/1/15/16/17","GroupId":9,"PartitionKey":"Categories/Renamed Columns","Process":"Engine (25820/1)","ActivityId":"1e4e8108-9ba6-4837-b0d5-dc521c08ec15","DataSourceOperationIds":null},{"Id":"1.4","Query":"Filter Product Then Category","Step":"Filtered Category","Category":"Data Source","DataSourceKind":"OData","Operation":"Request","StartTime":"2024-09-26T10:24:36.355707Z","EndTime":"2024-09-26T10:24:36.355718Z","ExclusiveDurationPct":2.1438748987408905E-06,"ExclusiveDuration":"00:00:00.0000110","Resource":"https://services.odata.org/V3/OData/OData.svc/Categories","DataSourceQuery":null,"AdditionalInfo":null,"RowCount":null,"ContentLength":null,"IsUserQuery":true,"Path":"0/1/15/16/17/18","GroupId":10,"PartitionKey":"Categories/Renamed Columns","Process":"Engine (25820/1)","ActivityId":"1e4e8108-9ba6-4837-b0d5-dc521c08ec15","DataSourceOperationIds":null},{"Id":"1.4","Query":"Filter Product Then Category","Step":"Filtered Category","Category":"Data Source","DataSourceKind":"OData","Operation":"GetResponse","StartTime":"2024-09-26T10:24:36.3558455Z","EndTime":"2024-09-26T10:24:36.5538186Z","ExclusiveDurationPct":0.038584505428720016,"ExclusiveDuration":"00:00:00.1979731","Resource":"https://services.odata.org/V3/OData/OData.svc/Categories","DataSourceQuery":"Request:\r\nGET https://services.odata.org/V3/OData/OData.svc/Categories?$expand=Products HTTP/1.1\r\n\r\nResponse:\r\nhttps://services.odata.org/V3/OData/OData.svc/Categories?$expand=Products\r\nHTTP/1.1 200 OK\r\n","AdditionalInfo":null,"RowCount":null,"ContentLength":null,"IsUserQuery":true,"Path":"0/1/15/16/17/19","GroupId":10,"PartitionKey":"Categories/Renamed Columns","Process":"Engine (25820/1)","ActivityId":"1e4e8108-9ba6-4837-b0d5-dc521c08ec15","DataSourceOperationIds":null},{"Id":"1.4","Query":"Filter Product Then Category","Step":"Filtered Category","Category":"Trace Gaps","DataSourceKind":null,"Operation":"Trace Gaps","StartTime":"2024-09-26T10:24:36.5553296Z","EndTime":"2024-09-26T10:24:40.2472781Z","ExclusiveDurationPct":0.43506487482382222,"ExclusiveDuration":"00:00:02.2322728","Resource":null,"DataSourceQuery":null,"AdditionalInfo":null,"RowCount":null,"ContentLength":null,"IsUserQuery":true,"Path":"0/31","GroupId":0,"PartitionKey":null,"Process":null,"ActivityId":"1e4e8108-9ba6-4837-b0d5-dc521c08ec15","DataSourceOperationIds":null},{"Id":"1.4","Query":"Filter Product Then Category","Step":"Filtered Category","Category":"Other","DataSourceKind":null,"Operation":"RemoteCancellationServiceFactory: Proxy: CancelAll","StartTime":"2024-09-26T10:24:36.5553666Z","EndTime":"2024-09-26T10:24:36.5553752Z","ExclusiveDurationPct":1.6761203753792415E-06,"ExclusiveDuration":"00:00:00.0000086","Resource":null,"DataSourceQuery":null,"AdditionalInfo":null,"RowCount":null,"ContentLength":null,"IsUserQuery":true,"Path":"0/20","GroupId":11,"PartitionKey":null,"Process":"Engine (25820/1)","ActivityId":"1e4e8108-9ba6-4837-b0d5-dc521c08ec15","DataSourceOperationIds":null},{"Id":"1.4","Query":"Filter Product Then Category","Step":"Filtered Category","Category":"Evaluator","DataSourceKind":null,"Operation":"Dispose: DataSources","StartTime":"2024-09-26T10:24:36.5557366Z","EndTime":"2024-09-26T10:24:36.5557464Z","ExclusiveDurationPct":1.9099976370600658E-06,"ExclusiveDuration":"00:00:00.0000098","Resource":null,"DataSourceQuery":null,"AdditionalInfo":null,"RowCount":null,"ContentLength":null,"IsUserQuery":true,"Path":"0/21","GroupId":12,"PartitionKey":"Filter Product Then Category/Filtered Category","Process":"Engine (25820/1)","ActivityId":"1e4e8108-9ba6-4837-b0d5-dc521c08ec15","DataSourceOperationIds":null},{"Id":"1.4","Query":"Filter Product Then Category","Step":"Filtered Category","Category":"Evaluator","DataSourceKind":null,"Operation":"Dispose: Modules","StartTime":"2024-09-26T10:24:36.5557611Z","EndTime":"2024-09-26T10:24:36.555766Z","ExclusiveDurationPct":9.5499881853003289E-07,"ExclusiveDuration":"00:00:00.0000049","Resource":null,"DataSourceQuery":null,"AdditionalInfo":null,"RowCount":null,"ContentLength":null,"IsUserQuery":true,"Path":"0/22","GroupId":12,"PartitionKey":"Filter Product Then Category/Filtered Category","Process":"Engine (25820/1)","ActivityId":"1e4e8108-9ba6-4837-b0d5-dc521c08ec15","DataSourceOperationIds":null},{"Id":"1.4","Query":"Filter Product Then Category","Step":"Filtered Category","Category":"Evaluator","DataSourceKind":null,"Operation":"Dispose: DataSources","StartTime":"2024-09-26T10:24:36.5559186Z","EndTime":"2024-09-26T10:24:36.5559346Z","ExclusiveDurationPct":3.1183634890776586E-06,"ExclusiveDuration":"00:00:00.0000160","Resource":null,"DataSourceQuery":null,"AdditionalInfo":null,"RowCount":null,"ContentLength":null,"IsUserQuery":true,"Path":"0/23","GroupId":13,"PartitionKey":"Categories/Renamed Columns","Process":"Engine (25820/1)","ActivityId":"1e4e8108-9ba6-4837-b0d5-dc521c08ec15","DataSourceOperationIds":null},{"Id":"1.4","Query":"Filter Product Then Category","Step":"Filtered Category","Category":"Evaluator","DataSourceKind":null,"Operation":"Dispose: Modules","StartTime":"2024-09-26T10:24:36.5559432Z","EndTime":"2024-09-26T10:24:36.5559475Z","ExclusiveDurationPct":8.3806018768962073E-07,"ExclusiveDuration":"00:00:00.0000043","Resource":null,"DataSourceQuery":null,"AdditionalInfo":null,"RowCount":null,"ContentLength":null,"IsUserQuery":true,"Path":"0/24","GroupId":13,"PartitionKey":"Categories/Renamed Columns","Process":"Engine (25820/1)","ActivityId":"1e4e8108-9ba6-4837-b0d5-dc521c08ec15","DataSourceOperationIds":null},{"Id":"1.4","Query":"Filter Product Then Category","Step":"Filtered Category","Category":"Document Evaluator","DataSourceKind":null,"Operation":"GetResult","StartTime":"2024-09-26T10:24:38.7876102Z","EndTime":"2024-09-26T10:24:38.8105983Z","ExclusiveDurationPct":0.0027904480784293364,"ExclusiveDuration":"00:00:00.0143175","Resource":null,"DataSourceQuery":null,"AdditionalInfo":null,"RowCount":null,"ContentLength":null,"IsUserQuery":true,"Path":"0/25","GroupId":14,"PartitionKey":null,"Process":"Host (21268/53)","ActivityId":"1e4e8108-9ba6-4837-b0d5-dc521c08ec15","DataSourceOperationIds":null},{"Id":"1.4","Query":"Filter Product Then Category","Step":"Filtered Category","Category":"Evaluator","DataSourceKind":null,"Operation":"GetResult","StartTime":"2024-09-26T10:24:38.8019277Z","EndTime":"2024-09-26T10:24:40.2472423Z","ExclusiveDurationPct":0.28139843166585859,"ExclusiveDuration":"00:00:01.4438262","Resource":null,"DataSourceQuery":null,"AdditionalInfo":{"Identity":null},"RowCount":null,"ContentLength":null,"IsUserQuery":true,"Path":"0/26","GroupId":14,"PartitionKey":null,"Process":"Host (21268/53)","ActivityId":"1e4e8108-9ba6-4837-b0d5-dc521c08ec15","DataSourceOperationIds":null},{"Id":"1.4","Query":"Filter Product Then Category","Step":"Filtered Category","Category":"Other","DataSourceKind":null,"Operation":"RemoteServiceEnvironment: CreateServiceStubs","StartTime":"2024-09-26T10:24:38.8021224Z","EndTime":"2024-09-26T10:24:38.8036108Z","ExclusiveDurationPct":0.00029008576357144922,"ExclusiveDuration":"00:00:00.0014884","Resource":null,"DataSourceQuery":null,"AdditionalInfo":null,"RowCount":null,"ContentLength":null,"IsUserQuery":true,"Path":"0/25/27","GroupId":14,"PartitionKey":null,"Process":"Host (21268/53)","ActivityId":"1e4e8108-9ba6-4837-b0d5-dc521c08ec15","DataSourceOperationIds":null},{"Id":"1.4","Query":"Filter Product Then Category","Step":"Filtered Category","Category":"Evaluator","DataSourceKind":null,"Operation":"DisposeContainer","StartTime":"2024-09-26T10:24:40.2472781Z","EndTime":"2024-09-26T10:24:40.2501489Z","ExclusiveDurationPct":4.8529531798771065E-06,"ExclusiveDuration":"00:00:00.0000249","Resource":null,"DataSourceQuery":null,"AdditionalInfo":{"Identity":null},"RowCount":null,"ContentLength":null,"IsUserQuery":true,"Path":"0/28","GroupId":15,"PartitionKey":null,"Process":"Host (21268/53)","ActivityId":"1e4e8108-9ba6-4837-b0d5-dc521c08ec15","DataSourceOperationIds":null},{"Id":"1.4","Query":"Filter Product Then Category","Step":"Filtered Category","Category":"Other","DataSourceKind":null,"Operation":"RemoteEvaluationContainerFactory: Container: Dispose","StartTime":"2024-09-26T10:24:40.2472985Z","EndTime":"2024-09-26T10:24:40.2501444Z","ExclusiveDurationPct":1.2356515325470222E-05,"ExclusiveDuration":"00:00:00.0000634","Resource":null,"DataSourceQuery":null,"AdditionalInfo":null,"RowCount":null,"ContentLength":null,"IsUserQuery":true,"Path":"0/28/29","GroupId":15,"PartitionKey":null,"Process":"Host (21268/53)","ActivityId":"1e4e8108-9ba6-4837-b0d5-dc521c08ec15","DataSourceOperationIds":null},{"Id":"1.4","Query":"Filter Product Then Category","Step":"Filtered Category","Category":"Other","DataSourceKind":null,"Operation":"RemoteServiceEnvironment: DisposeServiceStubs","StartTime":"2024-09-26T10:24:40.2473017Z","EndTime":"2024-09-26T10:24:40.2500842Z","ExclusiveDurationPct":0.00054230290052241167,"ExclusiveDuration":"00:00:00.0027825","Resource":null,"DataSourceQuery":null,"AdditionalInfo":null,"RowCount":null,"ContentLength":null,"IsUserQuery":true,"Path":"0/28/29/30","GroupId":15,"PartitionKey":null,"Process":"Host (21268/53)","ActivityId":"1e4e8108-9ba6-4837-b0d5-dc521c08ec15","DataSourceOperationIds":null}]